target,R²,RMSE
total,0.9031134457199216,39.06512591847724
