target,R²,RMSE
total,0.9202325567801465,36.339189307188796
